{
  "lang":"ru",
  "name":"core_news_sm",
  "version":"3.2.0",
  "spacy_version":">=3.2.0,<3.3.0",
  "description":"Russian pipeline optimized for CPU. Components: tok2vec, morphologizer, parser, senter, ner, attribute_ruler, lemmatizer.",
  "author":"Explosion",
  "email":"contact@explosion.ai",
  "url":"https://explosion.ai",
  "license":"MIT",
  "spacy_git_version":"bb26550e2",
  "vectors":{
    "width":0,
    "vectors":0,
    "keys":0,
    "name":null,
    "mode":"default"
  },
  "labels":{
    "tok2vec":[

    ],
    "morphologizer":[
      "Case=Nom|Degree=Pos|Number=Plur|POS=ADJ",
      "Animacy=Anim|Case=Nom|Gender=Masc|Number=Plur|POS=NOUN",
      "Aspect=Perf|Mood=Ind|Number=Plur|POS=VERB|Tense=Past|VerbForm=Fin|Voice=Act",
      "Animacy=Inan|Case=Acc|POS=NUM",
      "Animacy=Inan|Case=Gen|Gender=Fem|Number=Plur|POS=NOUN",
      "Case=Gen|Degree=Pos|Gender=Masc|Number=Sing|POS=ADJ",
      "Animacy=Inan|Case=Gen|Gender=Masc|Number=Sing|POS=NOUN",
      "POS=ADP",
      "Case=Gen|Gender=Fem|Number=Sing|POS=DET",
      "Animacy=Inan|Case=Gen|Gender=Fem|Number=Sing|POS=NOUN",
      "POS=PUNCT",
      "Degree=Pos|POS=ADV",
      "Aspect=Imp|Mood=Ind|Number=Plur|POS=VERB|Tense=Past|VerbForm=Fin|Voice=Mid",
      "Animacy=Inan|Case=Nom|Gender=Masc|Number=Plur|POS=NOUN",
      "Animacy=Anim|Case=Gen|Gender=Masc|Number=Plur|POS=NOUN",
      "Aspect=Perf|Case=Gen|Number=Plur|POS=VERB|Tense=Past|VerbForm=Part|Voice=Pass",
      "Case=Loc|Degree=Pos|Number=Plur|POS=ADJ",
      "Animacy=Inan|Case=Loc|Gender=Neut|Number=Plur|POS=NOUN",
      "Animacy=Inan|Case=Loc|Gender=Neut|Number=Sing|POS=PRON",
      "Aspect=Imp|Mood=Ind|Number=Sing|POS=VERB|Person=Third|Tense=Pres|VerbForm=Fin|Voice=Act",
      "Animacy=Inan|Case=Nom|Gender=Neut|Number=Sing|POS=NOUN",
      "Foreign=Yes|POS=PROPN",
      "Case=Loc|Gender=Fem|Number=Sing|POS=NUM",
      "Aspect=Imp|Gender=Neut|Mood=Ind|Number=Sing|POS=VERB|Tense=Past|VerbForm=Fin|Voice=Act",
      "Animacy=Anim|Case=Gen|Gender=Masc|Number=Sing|POS=NOUN",
      "Animacy=Inan|Case=Loc|Gender=Masc|Number=Sing|POS=NOUN",
      "POS=NUM",
      "Animacy=Inan|Case=Gen|Gender=Masc|Number=Plur|POS=NOUN",
      "Case=Nom|Gender=Masc|Number=Sing|POS=PRON|Person=Third",
      "Aspect=Imp|Gender=Masc|Mood=Ind|Number=Sing|POS=AUX|Tense=Past|VerbForm=Fin|Voice=Act",
      "Animacy=Anim|Case=Ins|Gender=Masc|Number=Sing|POS=NOUN",
      "Animacy=Inan|Case=Dat|Gender=Neut|Number=Sing|POS=NOUN",
      "POS=DET",
      "Animacy=Inan|Case=Nom|Gender=Fem|Number=Sing|POS=NOUN",
      "Aspect=Perf|Gender=Fem|Mood=Ind|Number=Sing|POS=VERB|Tense=Past|VerbForm=Fin|Voice=Act",
      "Case=Dat|Degree=Pos|Number=Plur|POS=ADJ",
      "Animacy=Inan|Case=Dat|Gender=Fem|Number=Plur|POS=NOUN",
      "Animacy=Inan|Case=Nom|Gender=Masc|Number=Sing|POS=NOUN",
      "Aspect=Perf|Gender=Masc|Mood=Ind|Number=Sing|POS=VERB|Tense=Past|VerbForm=Fin|Voice=Act",
      "POS=SCONJ",
      "Animacy=Inan|Case=Ins|Gender=Neut|Number=Sing|POS=NOUN",
      "Case=Acc|Gender=Neut|Number=Sing|POS=PRON|Person=Third",
      "Case=Acc|POS=NUM",
      "Case=Ins|Degree=Pos|Number=Plur|POS=ADJ",
      "Animacy=Inan|Case=Ins|Gender=Masc|Number=Plur|POS=NOUN",
      "POS=CCONJ",
      "Case=Nom|POS=NUM",
      "Animacy=Inan|Case=Dat|Gender=Masc|Number=Sing|POS=NOUN",
      "Aspect=Perf|Gender=Masc|Number=Sing|POS=VERB|StyleVariant=Short|Tense=Past|VerbForm=Part|Voice=Pass",
      "Case=Nom|Degree=Pos|Gender=Masc|Number=Sing|POS=ADJ",
      "Case=Ins|Degree=Pos|Gender=Neut|Number=Sing|POS=ADJ",
      "Aspect=Imp|Mood=Ind|Number=Plur|POS=VERB|Person=Third|Tense=Pres|VerbForm=Fin|Voice=Act",
      "Case=Nom|Gender=Masc|Number=Sing|POS=DET",
      "Aspect=Imp|Gender=Masc|Mood=Ind|Number=Sing|POS=VERB|Tense=Past|VerbForm=Fin|Voice=Act",
      "Case=Acc|Degree=Pos|Gender=Fem|Number=Sing|POS=ADJ",
      "Animacy=Inan|Case=Acc|Gender=Fem|Number=Sing|POS=NOUN",
      "Case=Nom|Gender=Fem|Number=Sing|POS=PRON",
      "Aspect=Imp|Mood=Ind|Number=Sing|POS=VERB|Person=Third|Tense=Pres|VerbForm=Fin|Voice=Mid",
      "Case=Ins|Degree=Pos|Gender=Fem|Number=Sing|POS=ADJ",
      "Animacy=Anim|Case=Nom|Gender=Fem|Number=Sing|POS=NOUN",
      "Case=Dat|Degree=Pos|Gender=Fem|Number=Sing|POS=ADJ",
      "Animacy=Inan|Case=Dat|Gender=Fem|Number=Sing|POS=NOUN",
      "Animacy=Inan|Case=Gen|Gender=Neut|Number=Sing|POS=NOUN",
      "Animacy=Inan|Case=Nom|Gender=Neut|Number=Plur|POS=NOUN",
      "Degree=Pos|Number=Plur|POS=ADJ|StyleVariant=Short",
      "Aspect=Imp|Mood=Ind|Number=Plur|POS=AUX|Tense=Past|VerbForm=Fin|Voice=Act",
      "Aspect=Perf|POS=VERB|VerbForm=Inf|Voice=Act",
      "Animacy=Inan|Case=Acc|Gender=Neut|Number=Sing|POS=PRON",
      "Case=Loc|Degree=Pos|Gender=Fem|Number=Sing|POS=ADJ",
      "Animacy=Inan|Case=Loc|Gender=Fem|Number=Sing|POS=NOUN",
      "Animacy=Inan|Case=Loc|Gender=Masc|Number=Plur|POS=NOUN",
      "Case=Gen|Degree=Pos|Gender=Fem|Number=Sing|POS=ADJ",
      "Aspect=Perf|Number=Plur|POS=VERB|StyleVariant=Short|Tense=Past|VerbForm=Part|Voice=Pass",
      "Animacy=Anim|Case=Acc|Gender=Masc|POS=NUM",
      "Animacy=Anim|Case=Gen|Gender=Fem|Number=Plur|POS=NOUN",
      "Animacy=Anim|Case=Acc|Gender=Neut|Number=Plur|POS=NOUN",
      "Mood=Cnd|POS=SCONJ",
      "Case=Nom|Number=Plur|POS=PRON|Person=Third",
      "POS=PART|Polarity=Neg",
      "Aspect=Imp|POS=VERB|VerbForm=Inf|Voice=Mid",
      "Animacy=Inan|Aspect=Perf|Case=Acc|Number=Plur|POS=VERB|Tense=Past|VerbForm=Part|Voice=Pass",
      "Animacy=Inan|Case=Acc|Gender=Fem|Number=Plur|POS=NOUN",
      "Case=Nom|Number=Plur|POS=DET",
      "Aspect=Imp|Mood=Ind|Number=Plur|POS=VERB|Tense=Past|VerbForm=Fin|Voice=Act",
      "Animacy=Anim|Case=Acc|Gender=Masc|Number=Sing|POS=NOUN",
      "Aspect=Imp|Gender=Neut|Mood=Ind|Number=Sing|POS=VERB|Tense=Past|VerbForm=Fin|Voice=Mid",
      "Animacy=Inan|Case=Acc|Gender=Masc|Number=Sing|POS=NOUN",
      "Animacy=Anim|Case=Acc|Number=Plur|POS=PRON",
      "Animacy=Inan|Case=Acc|Gender=Neut|Number=Sing|POS=NOUN",
      "Case=Gen|Degree=Pos|Gender=Neut|Number=Sing|POS=ADJ",
      "Animacy=Anim|Case=Gen|Gender=Masc|Number=Sing|POS=PROPN",
      "Animacy=Anim|Case=Nom|Gender=Fem|Number=Sing|POS=PROPN",
      "Aspect=Imp|Gender=Fem|Mood=Ind|Number=Sing|POS=VERB|Tense=Past|VerbForm=Fin|Voice=Act",
      "POS=INTJ",
      "Animacy=Inan|Case=Loc|Gender=Fem|Number=Plur|POS=NOUN",
      "Animacy=Inan|Case=Nom|Gender=Neut|Number=Sing|POS=PRON",
      "Aspect=Imp|Gender=Fem|Mood=Ind|Number=Sing|POS=AUX|Tense=Past|VerbForm=Fin|Voice=Act",
      "Case=Nom|Degree=Pos|Gender=Fem|Number=Sing|POS=ADJ",
      "Case=Acc|Gender=Masc|Number=Sing|POS=PRON|Person=Third",
      "Case=Nom|Number=Plur|POS=PRON",
      "Aspect=Imp|Gender=Masc|Mood=Ind|Number=Sing|POS=VERB|Tense=Past|VerbForm=Fin|Voice=Mid",
      "Aspect=Imp|Gender=Masc|Mood=Ind|Number=Sing|POS=VERB|Tense=Past|VerbForm=Fin|Voice=Pass",
      "Degree=Pos|Gender=Fem|Number=Sing|POS=ADJ|StyleVariant=Short",
      "Case=Gen|Gender=Masc|Number=Sing|POS=PRON|Person=Third",
      "Case=Gen|POS=PRON",
      "Animacy=Inan|Case=Dat|Gender=Neut|Number=Plur|POS=NOUN",
      "Animacy=Anim|Case=Nom|Gender=Masc|Number=Sing|POS=PROPN",
      "Aspect=Imp|POS=VERB|VerbForm=Inf|Voice=Act",
      "Animacy=Anim|Case=Nom|Gender=Masc|Number=Sing|POS=NOUN",
      "Case=Acc|Gender=Fem|Number=Sing|POS=PRON|Person=Third",
      "Animacy=Inan|Case=Acc|Number=Plur|POS=DET",
      "Case=Nom|POS=PRON",
      "Animacy=Anim|Case=Ins|Gender=Masc|Number=Plur|POS=NOUN",
      "POS=ADJ",
      "Case=Loc|Degree=Pos|Gender=Masc|Number=Sing|POS=ADJ",
      "Animacy=Inan|Case=Gen|Gender=Fem|Number=Sing|POS=PROPN",
      "Aspect=Imp|Mood=Ind|Number=Sing|POS=AUX|Person=Third|Tense=Pres|VerbForm=Fin|Voice=Act",
      "Case=Nom|Gender=Fem|Number=Sing|POS=PRON|Person=Third",
      "Case=Ins|Gender=Masc|Number=Sing|POS=DET",
      "Animacy=Inan|Case=Ins|Gender=Masc|Number=Sing|POS=NOUN",
      "Aspect=Perf|Case=Acc|Gender=Neut|Number=Sing|POS=VERB|Tense=Past|VerbForm=Part|Voice=Pass",
      "Animacy=Inan|Case=Loc|Gender=Neut|Number=Sing|POS=NOUN",
      "Animacy=Inan|Case=Gen|Gender=Masc|Number=Sing|POS=PROPN",
      "Case=Nom|Number=Sing|POS=PRON|Person=First",
      "Aspect=Imp|Mood=Ind|Number=Sing|POS=VERB|Person=First|Tense=Pres|VerbForm=Fin|Voice=Act",
      "Animacy=Inan|Case=Acc|Degree=Pos|Gender=Masc|Number=Sing|POS=ADJ",
      "Mood=Cnd|POS=AUX",
      "Case=Nom|Number=Plur|POS=PRON|Person=First",
      "Case=Gen|Number=Plur|POS=DET",
      "Animacy=Inan|Case=Ins|Gender=Masc|Number=Sing|POS=PROPN",
      "Aspect=Imp|Case=Gen|Gender=Masc|Number=Sing|POS=VERB|Tense=Pres|VerbForm=Part|Voice=Act",
      "Animacy=Inan|Case=Ins|Gender=Neut|Number=Sing|POS=PRON",
      "Aspect=Perf|POS=VERB|VerbForm=Inf|Voice=Mid",
      "Aspect=Perf|Case=Gen|Number=Plur|POS=VERB|Tense=Past|VerbForm=Part|Voice=Act",
      "Animacy=Inan|Case=Acc|Gender=Masc|Number=Sing|POS=PROPN",
      "Animacy=Inan|Case=Acc|Gender=Neut|Number=Sing|POS=DET",
      "POS=PART",
      "Case=Dat|Gender=Masc|Number=Sing|POS=DET",
      "Aspect=Perf|Mood=Ind|Number=Plur|POS=VERB|Person=Third|Tense=Fut|VerbForm=Fin|Voice=Mid",
      "Aspect=Perf|Gender=Masc|Mood=Ind|Number=Sing|POS=VERB|Tense=Past|VerbForm=Fin|Voice=Mid",
      "Case=Nom|Gender=Masc|Number=Sing|POS=NUM",
      "Animacy=Anim|Case=Dat|Gender=Fem|Number=Sing|POS=PROPN",
      "Aspect=Perf|Mood=Ind|Number=Sing|POS=VERB|Person=Third|Tense=Fut|VerbForm=Fin|Voice=Mid",
      "Case=Loc|Gender=Masc|Number=Sing|POS=DET",
      "Aspect=Perf|Gender=Neut|Mood=Ind|Number=Sing|POS=VERB|Tense=Past|VerbForm=Fin|Voice=Act",
      "Degree=Pos|Gender=Neut|Number=Sing|POS=ADJ|StyleVariant=Short",
      "Animacy=Inan|Case=Gen|Gender=Neut|Number=Plur|POS=NOUN",
      "Animacy=Anim|Case=Dat|Gender=Masc|Number=Sing|POS=NOUN",
      "Case=Nom|Gender=Neut|Number=Sing|POS=PRON|Person=Third",
      "Aspect=Perf|Gender=Neut|Number=Sing|POS=VERB|StyleVariant=Short|Tense=Past|VerbForm=Part|Voice=Pass",
      "Animacy=Inan|Case=Loc|Gender=Fem|Number=Sing|POS=PROPN",
      "Animacy=Inan|Case=Acc|Gender=Masc|Number=Plur|POS=NOUN",
      "Aspect=Perf|Mood=Ind|Number=Plur|POS=VERB|Person=Third|Tense=Fut|VerbForm=Fin|Voice=Act",
      "Aspect=Perf|Mood=Ind|Number=Plur|POS=VERB|Tense=Past|VerbForm=Fin|Voice=Mid",
      "Animacy=Inan|Case=Gen|Gender=Neut|Number=Sing|POS=PRON",
      "Aspect=Perf|Case=Loc|Gender=Neut|Number=Sing|POS=VERB|Tense=Past|VerbForm=Part|Voice=Pass",
      "Animacy=Inan|Case=Loc|Gender=Neut|Number=Sing|POS=PROPN",
      "Case=Dat|Degree=Pos|Gender=Masc|Number=Sing|POS=ADJ",
      "Animacy=Inan|Case=Dat|Gender=Masc|Number=Plur|POS=PROPN",
      "Animacy=Inan|Case=Acc|Degree=Pos|Number=Plur|POS=ADJ",
      "Animacy=Inan|Case=Acc|Gender=Neut|Number=Plur|POS=NOUN",
      "Foreign=Yes|POS=X",
      "Animacy=Inan|Case=Loc|Gender=Masc|Number=Sing|POS=PROPN",
      "Aspect=Imp|POS=VERB|Tense=Pres|VerbForm=Conv|Voice=Act",
      "Case=Gen|Degree=Pos|Number=Plur|POS=ADJ",
      "Animacy=Inan|Case=Ins|Gender=Fem|Number=Sing|POS=NOUN",
      "Aspect=Imp|Gender=Neut|Mood=Ind|Number=Sing|POS=AUX|Tense=Past|VerbForm=Fin|Voice=Act",
      "Case=Nom|Degree=Pos|Gender=Neut|Number=Sing|POS=ADJ",
      "Aspect=Imp|Case=Nom|Number=Plur|POS=VERB|Tense=Past|VerbForm=Part|Voice=Act",
      "Case=Gen|POS=NUM",
      "Animacy=Inan|Case=Acc|Gender=Masc|POS=NUM",
      "Aspect=Imp|Case=Gen|Number=Plur|POS=VERB|Tense=Pres|VerbForm=Part|Voice=Act",
      "Animacy=Inan|Case=Ins|Gender=Fem|Number=Sing|POS=PROPN",
      "Animacy=Inan|Case=Ins|Gender=Neut|Number=Sing|POS=PROPN",
      "Animacy=Inan|Case=Nom|Gender=Fem|Number=Plur|POS=NOUN",
      "Aspect=Imp|Mood=Ind|Number=Sing|POS=VERB|Person=Third|Tense=Pres|VerbForm=Fin|Voice=Pass",
      "Aspect=Imp|POS=VERB|VerbForm=Inf|Voice=Pass",
      "Case=Gen|Gender=Fem|Number=Sing|POS=NUM",
      "Case=Ins|Degree=Pos|Gender=Masc|Number=Sing|POS=ADJ",
      "Animacy=Inan|Case=Acc|Degree=Pos|Gender=Neut|Number=Sing|POS=ADJ",
      "Aspect=Perf|Mood=Ind|Number=Sing|POS=VERB|Person=Third|Tense=Fut|VerbForm=Fin|Voice=Act",
      "Animacy=Inan|Case=Ins|Gender=Neut|Number=Plur|POS=NOUN",
      "Case=Loc|Gender=Fem|Number=Sing|POS=DET",
      "Animacy=Inan|Case=Nom|Gender=Masc|Number=Sing|POS=PROPN",
      "Case=Loc|Gender=Masc|Number=Sing|POS=PRON",
      "Aspect=Perf|Gender=Neut|Mood=Ind|Number=Sing|POS=VERB|Tense=Past|VerbForm=Fin|Voice=Mid",
      "Animacy=Anim|Case=Dat|Gender=Masc|Number=Plur|POS=NOUN",
      "Animacy=Anim|Case=Acc|Gender=Masc|Number=Plur|POS=NOUN",
      "Animacy=Anim|Case=Acc|Gender=Masc|Number=Sing|POS=PROPN",
      "Animacy=Anim|Case=Ins|Gender=Masc|Number=Sing|POS=PROPN",
      "Aspect=Perf|Case=Gen|Gender=Masc|Number=Sing|POS=VERB|Tense=Past|VerbForm=Part|Voice=Act",
      "Animacy=Inan|Case=Nom|Gender=Fem|Number=Sing|POS=PROPN",
      "Animacy=Inan|Case=Acc|Number=Plur|POS=PRON|Person=Third",
      "Case=Nom|Gender=Masc|Number=Sing|POS=PRON",
      "Case=Dat|POS=PRON",
      "Aspect=Imp|Mood=Ind|Number=Plur|POS=VERB|Person=Third|Tense=Pres|VerbForm=Fin|Voice=Mid",
      "Animacy=Inan|Case=Nom|Gender=Neut|Number=Sing|POS=PROPN",
      "Animacy=Inan|Case=Nom|Gender=Fem|Number=Plur|POS=PROPN",
      "Case=Dat|Gender=Fem|Number=Sing|POS=PRON",
      "Case=Ins|Number=Plur|POS=PRON|Person=Third",
      "Animacy=Inan|Case=Acc|Gender=Fem|Number=Sing|POS=PROPN",
      "Animacy=Inan|Case=Dat|Gender=Masc|Number=Plur|POS=NOUN",
      "Aspect=Perf|Case=Gen|Gender=Fem|Number=Sing|POS=VERB|Tense=Past|VerbForm=Part|Voice=Pass",
      "Aspect=Imp|POS=AUX|VerbForm=Inf|Voice=Act",
      "Aspect=Imp|Mood=Ind|Number=Plur|POS=AUX|Person=Third|Tense=Pres|VerbForm=Fin|Voice=Act",
      "Aspect=Imp|Case=Gen|Gender=Fem|Number=Sing|POS=VERB|Tense=Pres|VerbForm=Part|Voice=Act",
      "Aspect=Perf|Case=Dat|Number=Plur|POS=VERB|Tense=Past|VerbForm=Part|Voice=Pass",
      "Degree=Pos|Gender=Masc|Number=Sing|POS=ADJ|StyleVariant=Short",
      "Degree=Cmp|POS=ADV",
      "Aspect=Perf|Case=Loc|Number=Plur|POS=VERB|Tense=Past|VerbForm=Part|Voice=Pass",
      "Aspect=Imp|Case=Ins|Gender=Fem|Number=Sing|POS=VERB|Tense=Pres|VerbForm=Part|Voice=Pass",
      "Aspect=Perf|Gender=Fem|Mood=Ind|Number=Sing|POS=VERB|Tense=Past|VerbForm=Fin|Voice=Mid",
      "Aspect=Imp|Gender=Neut|Mood=Ind|Number=Sing|POS=VERB|Tense=Past|VerbForm=Fin|Voice=Pass",
      "Aspect=Imp|Mood=Ind|Number=Plur|POS=AUX|Person=First|Tense=Pres|VerbForm=Fin|Voice=Act",
      "Case=Ins|Number=Plur|POS=DET",
      "Aspect=Perf|Mood=Ind|Number=Plur|POS=VERB|Person=First|Tense=Fut|VerbForm=Fin|Voice=Act",
      "Aspect=Imp|Case=Acc|Gender=Fem|Number=Sing|POS=VERB|Tense=Pres|VerbForm=Part|Voice=Act",
      "Animacy=Inan|Case=Dat|Gender=Neut|Number=Sing|POS=PRON",
      "Case=Loc|Degree=Pos|Gender=Neut|Number=Sing|POS=ADJ",
      "Animacy=Inan|Case=Gen|Gender=Fem|Number=Plur|POS=PROPN",
      "Case=Nom|Gender=Neut|Number=Sing|POS=DET",
      "Animacy=Inan|Case=Gen|Gender=Neut|Number=Sing|POS=PROPN",
      "Aspect=Imp|Case=Nom|Number=Plur|POS=VERB|Tense=Pres|VerbForm=Part|Voice=Act",
      "Case=Gen|Gender=Masc|POS=NUM",
      "Animacy=Anim|Case=Dat|Gender=Fem|Number=Sing|POS=NOUN",
      "Aspect=Imp|Case=Ins|Gender=Fem|Number=Sing|POS=VERB|Tense=Pres|VerbForm=Part|Voice=Act",
      "Animacy=Anim|Case=Ins|Gender=Fem|Number=Sing|POS=NOUN",
      "Aspect=Imp|Case=Nom|Gender=Fem|Number=Sing|POS=VERB|Tense=Past|VerbForm=Part|Voice=Act",
      "Aspect=Perf|Gender=Fem|Number=Sing|POS=VERB|StyleVariant=Short|Tense=Past|VerbForm=Part|Voice=Pass",
      "Aspect=Perf|POS=VERB|Tense=Past|VerbForm=Conv|Voice=Act",
      "Aspect=Imp|Case=Ins|Gender=Masc|Number=Sing|POS=VERB|Tense=Pres|VerbForm=Part|Voice=Pass",
      "Case=Loc|Gender=Neut|Number=Sing|POS=DET",
      "Animacy=Anim|Case=Gen|Gender=Fem|Number=Sing|POS=NOUN",
      "Animacy=Inan|Case=Acc|Gender=Neut|Number=Sing|POS=PROPN",
      "Aspect=Imp|Case=Loc|Gender=Masc|Number=Sing|POS=VERB|Tense=Pres|VerbForm=Part|Voice=Act",
      "Aspect=Imp|Case=Dat|Number=Plur|POS=VERB|Tense=Pres|VerbForm=Part|Voice=Act",
      "Aspect=Perf|Case=Nom|Gender=Masc|Number=Sing|POS=VERB|Tense=Past|VerbForm=Part|Voice=Pass",
      "Aspect=Perf|Case=Loc|Gender=Fem|Number=Sing|POS=VERB|Tense=Past|VerbForm=Part|Voice=Pass",
      "Case=Dat|Number=Sing|POS=PRON|Person=Second",
      "Case=Nom|Gender=Fem|Number=Sing|POS=DET",
      "POS=ADV",
      "Case=Acc|POS=PRON",
      "Animacy=Anim|Case=Loc|Gender=Masc|Number=Sing|POS=NOUN",
      "Case=Ins|Gender=Masc|Number=Sing|POS=NUM",
      "Case=Ins|POS=NUM",
      "Aspect=Imp|Mood=Ind|Number=Plur|POS=VERB|Person=First|Tense=Pres|VerbForm=Fin|Voice=Act",
      "Aspect=Perf|Case=Nom|Gender=Fem|Number=Sing|POS=VERB|Tense=Past|VerbForm=Part|Voice=Pass",
      "Animacy=Inan|Case=Ins|Gender=Fem|Number=Plur|POS=NOUN",
      "Case=Gen|Gender=Masc|Number=Sing|POS=DET",
      "Aspect=Imp|Case=Nom|Gender=Masc|Number=Sing|POS=VERB|Tense=Pres|VerbForm=Part|Voice=Act",
      "Animacy=Anim|Case=Acc|Degree=Pos|Number=Plur|POS=ADJ",
      "Case=Dat|Gender=Fem|Number=Sing|POS=PRON|Person=Third",
      "Case=Gen|Gender=Masc|Number=Sing|POS=NUM",
      "Case=Acc|Gender=Masc|Number=Sing|POS=DET",
      "Aspect=Perf|Case=Ins|Gender=Fem|Number=Sing|POS=VERB|Tense=Past|VerbForm=Part|Voice=Pass",
      "Case=Loc|POS=PRON",
      "Animacy=Inan|Case=Acc|Degree=Pos|Number=Plur|POS=DET",
      "Animacy=Inan|Case=Dat|Gender=Masc|Number=Sing|POS=PROPN",
      "Case=Loc|Gender=Masc|Number=Sing|POS=PRON|Person=Third",
      "Animacy=Anim|Aspect=Perf|Case=Acc|Gender=Masc|Number=Sing|POS=VERB|Tense=Past|VerbForm=Part|Voice=Pass",
      "Case=Loc|Gender=Fem|Number=Sing|POS=PRON",
      "Aspect=Perf|Case=Ins|Number=Plur|POS=VERB|Tense=Past|VerbForm=Part|Voice=Pass",
      "Animacy=Anim|Case=Acc|Degree=Pos|Gender=Masc|Number=Sing|POS=ADJ",
      "Aspect=Imp|Mood=Imp|Number=Plur|POS=VERB|Person=Second|VerbForm=Fin|Voice=Act",
      "Case=Nom|Number=Plur|POS=PRON|Person=Second",
      "Aspect=Perf|Mood=Ind|Number=Plur|POS=VERB|Person=Second|Tense=Fut|VerbForm=Fin|Voice=Act",
      "POS=SYM",
      "Degree=Cmp|POS=ADJ",
      "Animacy=Inan|Case=Dat|Gender=Fem|Number=Sing|POS=PROPN",
      "Aspect=Imp|Case=Nom|Gender=Masc|Number=Sing|POS=VERB|Tense=Pres|VerbForm=Part|Voice=Pass",
      "Case=Acc|Gender=Masc|POS=NUM",
      "Animacy=Inan|Case=Nom|Gender=Masc|Number=Plur|POS=PROPN",
      "Case=Nom|Gender=Fem|POS=NUM",
      "Animacy=Inan|Case=Loc|Gender=Masc|Number=Plur|POS=PROPN",
      "Animacy=Anim|Case=Acc|Gender=Fem|Number=Sing|POS=NOUN",
      "Animacy=Anim|Case=Acc|Gender=Fem|Number=Sing|POS=PROPN",
      "Aspect=Perf|Case=Gen|Gender=Masc|Number=Sing|POS=VERB|Tense=Past|VerbForm=Part|Voice=Pass",
      "Animacy=Inan|Case=Gen|Gender=Masc|Number=Plur|POS=PROPN",
      "Degree=Pos|POS=ADJ",
      "Case=Ins|Degree=Sup|Gender=Fem|Number=Sing|POS=ADJ",
      "Animacy=Inan|Case=Ins|Gender=Masc|Number=Plur|POS=PROPN",
      "Animacy=Anim|Case=Dat|Gender=Masc|Number=Sing|POS=PROPN",
      "Aspect=Imp|Mood=Ind|Number=Plur|POS=VERB|Tense=Past|VerbForm=Fin|Voice=Pass",
      "Aspect=Imp|Case=Acc|Gender=Fem|Number=Sing|POS=VERB|Tense=Pres|VerbForm=Part|Voice=Pass",
      "Case=Gen|Number=Plur|POS=PRON|Person=Third",
      "Animacy=Inan|Case=Acc|Number=Plur|POS=PRON",
      "Animacy=Anim|Case=Nom|Gender=Neut|Number=Plur|POS=NOUN",
      "Animacy=Anim|Case=Gen|Gender=Neut|Number=Plur|POS=NOUN",
      "Degree=Pos|Gender=Neut|Number=Sing|POS=PUNCT|StyleVariant=Short",
      "Case=Ins|Degree=Sup|Gender=Neut|Number=Sing|POS=ADJ",
      "Aspect=Imp|Case=Nom|Gender=Fem|Number=Sing|POS=VERB|Tense=Pres|VerbForm=Part|Voice=Pass",
      "Animacy=Anim|Case=Ins|Gender=Fem|Number=Plur|POS=NOUN",
      "Animacy=Anim|Case=Acc|Gender=Fem|Number=Plur|POS=NOUN",
      "Case=Dat|Degree=Pos|Gender=Neut|Number=Sing|POS=ADJ",
      "Animacy=Anim|Case=Nom|Gender=Fem|Number=Plur|POS=NOUN",
      "Animacy=Anim|Case=Dat|Gender=Fem|Number=Plur|POS=NOUN",
      "Animacy=Inan|Case=Nom|Gender=Neut|Number=Sing|POS=SCONJ",
      "Case=Loc|Gender=Neut|Number=Sing|POS=PRON",
      "Aspect=Imp|Case=Nom|Gender=Fem|Number=Sing|POS=VERB|Tense=Pres|VerbForm=Part|Voice=Act",
      "Aspect=Imp|Gender=Fem|Mood=Ind|Number=Sing|POS=VERB|Tense=Past|VerbForm=Fin|Voice=Mid",
      "Aspect=Imp|Mood=Ind|Number=Sing|POS=VERB|Person=First|Tense=Pres|VerbForm=Fin|Voice=Mid",
      "Case=Dat|Number=Sing|POS=PRON|Person=First",
      "Case=Acc|Gender=Fem|Number=Sing|POS=DET",
      "Aspect=Imp|Mood=Ind|Number=Plur|POS=VERB|Person=Second|Tense=Pres|VerbForm=Fin|Voice=Mid",
      "POS=NOUN",
      "Case=Dat|Number=Plur|POS=PRON|Person=Third",
      "Degree=Cmp|POS=NUM",
      "Case=Gen|Gender=Neut|Number=Sing|POS=NUM",
      "Aspect=Imp|Case=Nom|Number=Plur|POS=VERB|Tense=Pres|VerbForm=Part|Voice=Pass",
      "Case=Loc|Number=Plur|POS=DET",
      "Aspect=Perf|Case=Gen|Gender=Neut|Number=Sing|POS=VERB|Tense=Past|VerbForm=Part|Voice=Pass",
      "Aspect=Perf|Case=Nom|Gender=Neut|Number=Sing|POS=VERB|Tense=Past|VerbForm=Part|Voice=Act",
      "Case=Dat|POS=NUM",
      "Animacy=Anim|Aspect=Imp|Case=Acc|Number=Plur|POS=VERB|Tense=Pres|VerbForm=Part|Voice=Act",
      "Case=Ins|Gender=Fem|Number=Sing|POS=PRON|Person=Third",
      "Animacy=Anim|Case=Voc|Gender=Masc|Number=Sing|POS=NOUN",
      "Case=Gen|Gender=Fem|Number=Sing|POS=PRON|Person=Third",
      "Case=Nom|Degree=Pos|Gender=Fem|Number=Sing|POS=NUM",
      "Animacy=Anim|Case=Gen|Gender=Fem|Number=Sing|POS=PROPN",
      "Animacy=Anim|Case=Nom|Gender=Neut|Number=Sing|POS=NOUN",
      "Animacy=Inan|Case=Acc|Gender=Fem|POS=NUM",
      "Aspect=Perf|Case=Loc|Gender=Masc|Number=Sing|POS=VERB|Tense=Past|VerbForm=Part|Voice=Act",
      "Aspect=Perf|Case=Acc|Gender=Fem|Number=Sing|POS=VERB|Tense=Past|VerbForm=Part|Voice=Act",
      "Animacy=Anim|Case=Acc|Gender=Masc|Number=Sing|POS=PRON",
      "Case=Ins|Gender=Fem|Number=Sing|POS=DET",
      "Animacy=Anim|Case=Gen|Gender=Masc|Number=Plur|POS=PROPN",
      "Animacy=Inan|Case=Par|Gender=Masc|Number=Sing|POS=NOUN",
      "Aspect=Imp|Gender=Fem|Mood=Ind|Number=Sing|POS=VERB|Tense=Past|VerbForm=Fin|Voice=Pass",
      "Aspect=Perf|Case=Nom|Number=Plur|POS=VERB|Tense=Past|VerbForm=Part|Voice=Act",
      "Case=Gen|Gender=Masc|Number=Sing|POS=PRON",
      "Case=Gen|Number=Plur|POS=DET|Person=Third",
      "Animacy=Inan|Case=Dat|Gender=Neut|Number=Sing|POS=PROPN",
      "Animacy=Inan|Case=Gen|Gender=Masc|Number=Sing|POS=ADV",
      "Case=Nom|Gender=Fem|Number=Sing|POS=NUM",
      "Aspect=Perf|Case=Loc|Gender=Masc|Number=Sing|POS=VERB|Tense=Past|VerbForm=Part|Voice=Pass",
      "Aspect=Imp|Case=Gen|Gender=Masc|Number=Sing|POS=VERB|Tense=Pres|VerbForm=Part|Voice=Pass",
      "Case=Nom|Gender=Masc|POS=NUM",
      "Aspect=Imp|Case=Dat|Gender=Masc|Number=Sing|POS=VERB|Tense=Past|VerbForm=Part|Voice=Act",
      "Case=Loc|Gender=Fem|Number=Sing|POS=PRON|Person=Third",
      "Animacy=Anim|Case=Ins|Gender=Neut|Number=Plur|POS=NOUN",
      "Animacy=Inan|Aspect=Perf|Case=Acc|Gender=Masc|Number=Sing|POS=VERB|Tense=Past|VerbForm=Part|Voice=Act",
      "Aspect=Imp|Case=Nom|Gender=Masc|Number=Sing|POS=VERB|Tense=Past|VerbForm=Part|Voice=Act",
      "Aspect=Perf|Case=Gen|Gender=Neut|Number=Sing|POS=VERB|Tense=Past|VerbForm=Part|Voice=Act",
      "Case=Gen|Gender=Fem|POS=NUM",
      "Animacy=Anim|Aspect=Imp|Case=Acc|Gender=Masc|Number=Sing|POS=VERB|Tense=Pres|VerbForm=Part|Voice=Act",
      "Aspect=Perf|Case=Nom|Gender=Masc|Number=Sing|POS=VERB|Tense=Past|VerbForm=Part|Voice=Act",
      "POS=ADV|Polarity=Neg",
      "Case=Dat|Gender=Neut|Number=Sing|POS=PRON",
      "Aspect=Perf|Case=Nom|Number=Plur|POS=VERB|Tense=Past|VerbForm=Part|Voice=Pass",
      "Case=Acc|Gender=Neut|POS=NUM",
      "Aspect=Imp|Mood=Imp|Number=Sing|POS=VERB|Person=Second|VerbForm=Fin|Voice=Act",
      "Case=Gen|Number=Sing|POS=PRON|Person=First",
      "Case=Nom|Gender=Neut|POS=NUM",
      "Case=Gen|POS=VERB|Polarity=Neg",
      "Aspect=Imp|Mood=Ind|Number=Plur|POS=VERB|Person=Second|Tense=Pres|VerbForm=Fin|Voice=Act",
      "Case=Gen|Gender=Fem|Number=Sing|POS=PRON",
      "Aspect=Imp|Case=Dat|Gender=Masc|Number=Sing|POS=VERB|Tense=Pres|VerbForm=Part|Voice=Act",
      "Case=Loc|Number=Plur|POS=PRON",
      "Case=Loc|Number=Plur|POS=PRON|Person=Third",
      "Case=Gen|Number=Plur|POS=PRON",
      "Aspect=Perf|Case=Dat|Number=Plur|POS=VERB|Tense=Past|VerbForm=Part|Voice=Act",
      "Case=Acc|Gender=Fem|Number=Sing|POS=NUM",
      "Aspect=Imp|Case=Dat|Gender=Fem|Number=Sing|POS=VERB|Tense=Pres|VerbForm=Part|Voice=Act",
      "Animacy=Inan|Aspect=Perf|Case=Acc|Gender=Masc|Number=Sing|POS=VERB|Tense=Past|VerbForm=Part|Voice=Pass",
      "POS=CCONJ|Polarity=Neg",
      "Animacy=Inan|Aspect=Imp|Case=Acc|Gender=Masc|Number=Sing|POS=VERB|Tense=Past|VerbForm=Part|Voice=Act",
      "Aspect=Imp|Case=Gen|Number=Plur|POS=VERB|Tense=Pres|VerbForm=Part|Voice=Pass",
      "Case=Ins|Gender=Masc|Number=Sing|POS=PRON|Person=Third",
      "Case=Dat|Gender=Neut|Number=Sing|POS=DET",
      "Aspect=Imp|Gender=Neut|Mood=Ind|Number=Sing|POS=PRON|Tense=Past|VerbForm=Fin|Voice=Act",
      "Aspect=Imp|POS=VERB|Tense=Pres|VerbForm=Conv|Voice=Mid",
      "Case=Gen|Gender=Neut|Number=Sing|POS=DET",
      "Case=Nom|Number=Sing|POS=PRON|Person=Second",
      "Aspect=Imp|Mood=Ind|Number=Sing|POS=VERB|Person=Second|Tense=Pres|VerbForm=Fin|Voice=Act",
      "Animacy=Inan|Case=Loc|Gender=Fem|Number=Plur|POS=PROPN",
      "Aspect=Perf|Case=Nom|Gender=Fem|Number=Sing|POS=VERB|Tense=Past|VerbForm=Part|Voice=Act",
      "Aspect=Imp|Mood=Ind|Number=Plur|POS=VERB|Person=Third|Tense=Pres|VerbForm=Fin|Voice=Pass",
      "Case=Ins|Gender=Neut|Number=Sing|POS=DET",
      "Animacy=Anim|Case=Acc|POS=NUM",
      "Aspect=Imp|Number=Plur|POS=VERB|StyleVariant=Short|Tense=Past|VerbForm=Part|Voice=Pass",
      "Aspect=Imp|Gender=Masc|Number=Sing|POS=VERB|StyleVariant=Short|Tense=Past|VerbForm=Part|Voice=Pass",
      "Case=Dat|Gender=Masc|Number=Sing|POS=PRON|Person=Third",
      "Case=Loc|Gender=Masc|Number=Sing|POS=NUM",
      "Case=Dat|Gender=Masc|Number=Sing|POS=NUM",
      "Aspect=Imp|Case=Gen|Gender=Masc|Number=Sing|POS=VERB|Tense=Past|VerbForm=Part|Voice=Act",
      "Animacy=Anim|Case=Gen|Gender=Neut|Number=Sing|POS=NOUN",
      "Case=Loc|Degree=Sup|Gender=Masc|Number=Sing|POS=ADJ",
      "Case=Gen|Number=Plur|POS=PRON|Person=First",
      "Case=Dat|Number=Plur|POS=PRON|Person=First",
      "Case=Gen|Number=Plur|POS=PRON|Person=Second",
      "Aspect=Perf|Mood=Imp|Number=Plur|POS=VERB|Person=Second|VerbForm=Fin|Voice=Act",
      "Aspect=Perf|Case=Acc|Gender=Neut|Number=Sing|POS=VERB|Tense=Past|VerbForm=Part|Voice=Act",
      "Case=Acc|Number=Sing|POS=PRON|Person=First",
      "Foreign=Yes|POS=PUNCT",
      "Aspect=Imp|Mood=Ind|Number=Sing|POS=PRON|Person=Third|Tense=Pres|VerbForm=Fin|Voice=Act",
      "Aspect=Imp|Mood=Ind|Number=Sing|POS=AUX|Person=First|Tense=Pres|VerbForm=Fin|Voice=Act",
      "Case=Gen|Gender=Fem|Number=Sing|POS=DET|Person=Third",
      "Case=Dat|Degree=Sup|Number=Plur|POS=ADJ",
      "Aspect=Perf|Case=Acc|Gender=Fem|Number=Sing|POS=VERB|Tense=Past|VerbForm=Part|Voice=Pass",
      "Aspect=Perf|Case=Dat|Gender=Masc|Number=Sing|POS=VERB|Tense=Past|VerbForm=Part|Voice=Pass",
      "Case=Loc|POS=NUM",
      "Aspect=Imp|Mood=Ind|Number=Plur|POS=VERB|Person=First|Tense=Pres|VerbForm=Fin|Voice=Mid",
      "Case=Dat|Number=Plur|POS=DET",
      "Aspect=Imp|POS=AUX|Tense=Pres|VerbForm=Conv|Voice=Act",
      "Aspect=Perf|Case=Ins|Gender=Masc|Number=Sing|POS=VERB|Tense=Past|VerbForm=Part|Voice=Pass",
      "Aspect=Imp|Case=Nom|Gender=Neut|Number=Sing|POS=VERB|Tense=Pres|VerbForm=Part|Voice=Act",
      "Case=Ins|POS=PRON",
      "Case=Ins|Gender=Neut|Number=Sing|POS=PRON",
      "Aspect=Perf|Case=Loc|Gender=Neut|Number=Sing|POS=VERB|Tense=Past|VerbForm=Part|Voice=Act",
      "Case=Dat|Gender=Neut|Number=Sing|POS=PRON|Person=Third",
      "Aspect=Imp|Mood=Imp|Number=Sing|POS=VERB|Person=Second|VerbForm=Fin|Voice=Mid",
      "Case=Nom|Gender=Neut|Number=Sing|POS=PRON",
      "Animacy=Inan|Aspect=Imp|Case=Acc|Gender=Masc|Number=Sing|POS=VERB|Tense=Pres|VerbForm=Part|Voice=Act",
      "POS=PROPN",
      "Aspect=Perf|Case=Loc|Gender=Fem|Number=Sing|POS=VERB|Tense=Past|VerbForm=Part|Voice=Act",
      "Aspect=Imp|Case=Gen|Gender=Fem|Number=Sing|POS=VERB|Tense=Pres|VerbForm=Part|Voice=Pass",
      "Aspect=Perf|Mood=Ind|Number=Sing|POS=VERB|Person=Second|Tense=Fut|VerbForm=Fin|Voice=Act",
      "Case=Gen|Degree=Sup|Number=Plur|POS=ADJ",
      "Animacy=Anim|Case=Ins|Gender=Fem|Number=Sing|POS=PROPN",
      "Animacy=Inan|Case=Ins|Gender=Fem|Number=Plur|POS=PROPN",
      "Case=Ins|Number=Plur|POS=PRON|Person=Second",
      "Case=Gen|Gender=Neut|Number=Sing|POS=PRON|Person=Third",
      "Animacy=Anim|Case=Loc|Gender=Fem|Number=Sing|POS=NOUN",
      "Aspect=Imp|Case=Ins|Gender=Masc|Number=Sing|POS=VERB|Tense=Pres|VerbForm=Part|Voice=Act",
      "Animacy=Inan|Aspect=Imp|Case=Acc|Number=Plur|POS=VERB|Tense=Past|VerbForm=Part|Voice=Act",
      "Aspect=Imp|Case=Dat|Number=Plur|POS=VERB|Tense=Pres|VerbForm=Part|Voice=Pass",
      "Aspect=Imp|Case=Loc|Gender=Masc|Number=Sing|POS=VERB|Tense=Pres|VerbForm=Part|Voice=Pass",
      "Case=Ins|Number=Sing|POS=PRON|Person=First",
      "Aspect=Imp|Case=Acc|Gender=Neut|Number=Sing|POS=VERB|Tense=Pres|VerbForm=Part|Voice=Act",
      "Aspect=Imp|Case=Loc|Gender=Fem|Number=Sing|POS=VERB|Tense=Pres|VerbForm=Part|Voice=Act",
      "Case=Loc|Degree=Pos|Gender=Masc|Number=Sing|POS=DET",
      "Case=Gen|Gender=Masc|Number=Sing|POS=DET|Person=Third",
      "Aspect=Imp|Case=Nom|Gender=Masc|Number=Sing|POS=VERB|Tense=Past|VerbForm=Part|Voice=Pass",
      "Aspect=Imp|Case=Gen|Number=Plur|POS=VERB|Tense=Past|VerbForm=Part|Voice=Act",
      "Case=Ins|Gender=Fem|Number=Sing|POS=NUM",
      "Animacy=Inan|Case=Gen|Gender=Fem|Number=Sing|POS=PUNCT",
      "Animacy=Anim|Case=Dat|Gender=Neut|Number=Plur|POS=NOUN",
      "Aspect=Imp|Case=Ins|Number=Plur|POS=VERB|Tense=Pres|VerbForm=Part|Voice=Act",
      "Aspect=Imp|Case=Loc|Gender=Neut|Number=Sing|POS=VERB|Tense=Pres|VerbForm=Part|Voice=Act",
      "Case=Ins|Gender=Masc|Number=Sing|POS=PRON",
      "Animacy=Anim|Aspect=Imp|Case=Acc|Gender=Masc|Number=Sing|POS=VERB|Tense=Past|VerbForm=Part|Voice=Act",
      "Aspect=Perf|Case=Ins|Gender=Fem|Number=Sing|POS=VERB|Tense=Past|VerbForm=Part|Voice=Act",
      "Animacy=Inan|Case=Acc|Gender=Masc|Number=Sing|POS=PRON",
      "Animacy=Inan|Case=Acc|Number=Plur|POS=PRON|Person=First",
      "Animacy=Anim|Aspect=Perf|Case=Acc|Number=Plur|POS=VERB|Tense=Past|VerbForm=Part|Voice=Act",
      "Aspect=Imp|Case=Gen|Gender=Fem|Number=Sing|POS=VERB|Tense=Past|VerbForm=Part|Voice=Act",
      "Animacy=Inan|Aspect=Imp|Case=Acc|Number=Plur|POS=VERB|Tense=Pres|VerbForm=Part|Voice=Act",
      "Animacy=Anim|Case=Acc|Gender=Neut|Number=Sing|POS=NOUN",
      "Case=Ins|Number=Sing|POS=PRON|Person=Second",
      "Aspect=Perf|Case=Dat|Gender=Masc|Number=Sing|POS=VERB|Tense=Past|VerbForm=Part|Voice=Act",
      "Case=Dat|Gender=Fem|Number=Sing|POS=DET",
      "Animacy=Anim|Aspect=Perf|Case=Acc|Gender=Masc|Number=Sing|POS=VERB|Tense=Past|VerbForm=Part|Voice=Act",
      "Case=Acc|Gender=Fem|Number=Sing|POS=PRON",
      "Aspect=Perf|Case=Dat|Gender=Neut|Number=Sing|POS=VERB|Tense=Past|VerbForm=Part|Voice=Pass",
      "Case=Nom|Degree=Sup|Gender=Masc|Number=Sing|POS=ADJ",
      "Animacy=Inan|Case=Acc|Degree=Sup|Gender=Masc|Number=Sing|POS=ADJ",
      "Aspect=Imp|Case=Loc|Number=Plur|POS=VERB|Tense=Pres|VerbForm=Part|Voice=Pass",
      "Case=Dat|Number=Plur|POS=PRON",
      "Animacy=Inan|Case=Ins|Gender=Neut|Number=Plur|POS=PROPN",
      "Animacy=Anim|Case=Loc|Gender=Masc|Number=Sing|POS=PROPN",
      "Animacy=Anim|Case=Gen|Number=Plur|POS=DET",
      "Aspect=Perf|Case=Gen|Gender=Fem|Number=Sing|POS=VERB|Tense=Past|VerbForm=Part|Voice=Act",
      "Animacy=Inan|Case=Acc|Gender=Masc|Number=Plur|POS=PROPN",
      "Case=Ins|Degree=Sup|Number=Plur|POS=ADJ",
      "Case=Ins|Degree=Pos|Gender=Fem|Number=Sing|POS=DET",
      "Case=Dat|Degree=Sup|Gender=Masc|Number=Sing|POS=ADJ",
      "Animacy=Anim|Case=Nom|Gender=Masc|Number=Sing|POS=ADV",
      "Foreign=Yes|POS=PART",
      "Case=Gen|Gender=Neut|Number=Sing|POS=PRON",
      "Aspect=Perf|Mood=Ind|Number=Sing|POS=VERB|Person=First|Tense=Fut|VerbForm=Fin|Voice=Act",
      "Case=Gen|Degree=Sup|Gender=Masc|Number=Sing|POS=ADJ",
      "Animacy=Inan|Aspect=Imp|Case=Acc|Number=Plur|POS=VERB|Tense=Pres|VerbForm=Part|Voice=Pass",
      "Animacy=Inan|Case=Dat|Gender=Fem|Number=Plur|POS=PROPN",
      "Case=Nom|Degree=Pos|Number=Plur|POS=DET",
      "Case=Loc|Gender=Fem|POS=NUM",
      "Animacy=Anim|Case=Acc|Gender=Masc|Number=Sing|POS=DET",
      "Aspect=Perf|POS=VERB|Tense=Past|VerbForm=Conv|Voice=Mid",
      "Aspect=Imp|Case=Loc|Number=Plur|POS=VERB|Tense=Pres|VerbForm=Part|Voice=Act",
      "Animacy=Inan|Case=Gen|Gender=Masc|Number=Sing|POS=PUNCT",
      "Animacy=Anim|Case=Loc|Gender=Fem|Number=Sing|POS=PROPN",
      "Aspect=Perf|Case=Ins|Gender=Masc|Number=Sing|POS=VERB|Tense=Past|VerbForm=Part|Voice=Act",
      "Case=Acc|Degree=Pos|Gender=Fem|Number=Sing|POS=DET",
      "Aspect=Perf|Case=Ins|Number=Plur|POS=VERB|Tense=Past|VerbForm=Part|Voice=Act",
      "Animacy=Inan|Case=Acc|Gender=Masc|Number=Sing|POS=DET",
      "Animacy=Anim|Aspect=Imp|Case=Acc|Number=Plur|POS=VERB|Tense=Past|VerbForm=Part|Voice=Act",
      "Case=Loc|Gender=Neut|Number=Sing|POS=PRON|Person=Third",
      "Case=Acc|Degree=Pos|Gender=Fem|Number=Sing|POS=PUNCT",
      "Aspect=Imp|Case=Nom|Gender=Neut|Number=Sing|POS=VERB|Tense=Past|VerbForm=Part|Voice=Act",
      "Animacy=Anim|Case=Loc|Gender=Masc|Number=Plur|POS=NOUN",
      "Aspect=Perf|Case=Nom|Gender=Neut|Number=Sing|POS=VERB|Tense=Past|VerbForm=Part|Voice=Pass",
      "Animacy=Inan|Aspect=Perf|Case=Acc|Number=Plur|POS=VERB|Tense=Past|VerbForm=Part|Voice=Act",
      "Animacy=Inan|Case=Ins|Gender=Fem|Number=Sing|POS=ADV",
      "Case=Nom|Degree=Pos|Gender=Masc|Number=Sing|POS=DET",
      "Aspect=Imp|Case=Loc|Gender=Masc|Number=Sing|POS=VERB|Tense=Past|VerbForm=Part|Voice=Act",
      "Aspect=Perf|Mood=Ind|Number=Plur|POS=VERB|Person=First|Tense=Fut|VerbForm=Fin|Voice=Mid",
      "Case=Nom|Degree=Sup|Number=Plur|POS=ADJ",
      "Aspect=Perf|Mood=Imp|Number=Sing|POS=VERB|Person=Second|VerbForm=Fin|Voice=Act",
      "Case=Nom|Degree=Pos|Gender=Fem|Number=Sing|POS=DET",
      "Case=Loc|Number=Sing|POS=PRON|Person=First",
      "Aspect=Imp|Case=Ins|Gender=Neut|Number=Sing|POS=VERB|Tense=Pres|VerbForm=Part|Voice=Act",
      "Aspect=Perf|Case=Ins|Gender=Neut|Number=Sing|POS=VERB|Tense=Past|VerbForm=Part|Voice=Pass",
      "Case=Dat|Gender=Fem|Number=Sing|POS=NUM",
      "Animacy=Anim|Aspect=Perf|Case=Acc|Number=Plur|POS=VERB|Tense=Past|VerbForm=Part|Voice=Pass",
      "Animacy=Anim|Case=Nom|Gender=Masc|Number=Sing|POS=PRON",
      "Aspect=Perf|Case=Ins|Gender=Neut|Number=Sing|POS=VERB|Tense=Past|VerbForm=Part|Voice=Act",
      "Aspect=Imp|Case=Ins|Number=Plur|POS=VERB|Tense=Pres|VerbForm=Part|Voice=Pass",
      "Aspect=Imp|POS=PRON|VerbForm=Inf|Voice=Act",
      "Animacy=Inan|Case=Acc|Gender=Fem|Number=Plur|POS=PROPN",
      "Aspect=Imp|Case=Gen|Gender=Neut|Number=Sing|POS=VERB|Tense=Pres|VerbForm=Part|Voice=Act",
      "Animacy=Inan|Case=Acc|Number=Plur|POS=PRON|Person=Second",
      "Case=Acc|Gender=Neut|Number=Sing|POS=NUM",
      "Aspect=Imp|Mood=Ind|Number=Plur|POS=PRON|Person=Third|Tense=Pres|VerbForm=Fin|Voice=Act",
      "Case=Loc|Degree=Sup|Number=Plur|POS=ADJ",
      "Case=Acc|Number=Sing|POS=PRON|Person=Second",
      "Case=Acc|Gender=Fem|Number=Sing|POS=ADJ",
      "Case=Ins|Number=Plur|POS=PRON|Person=First",
      "Case=Acc|Degree=Sup|Gender=Fem|Number=Sing|POS=ADJ",
      "Case=Dat|Gender=Masc|POS=NUM",
      "Aspect=Perf|Mood=Ind|Number=Plur|POS=VERB|Person=Second|Tense=Fut|VerbForm=Fin|Voice=Mid",
      "Aspect=Perf|Mood=Ind|Number=Sing|POS=VERB|Person=First|Tense=Fut|VerbForm=Fin|Voice=Mid",
      "Animacy=Anim|Case=Loc|Gender=Fem|Number=Plur|POS=NOUN",
      "Animacy=Anim|Case=Dat|Number=Plur|POS=PRON",
      "Animacy=Anim|Case=Nom|Number=Plur|POS=PRON",
      "Animacy=Anim|Case=Loc|Gender=Neut|Number=Plur|POS=NOUN",
      "Case=Dat|Gender=Masc|Number=Sing|POS=PRON",
      "Animacy=Anim|Case=Acc|Degree=Sup|Gender=Masc|Number=Sing|POS=ADJ",
      "Animacy=Anim|Case=Nom|Gender=Masc|Number=Plur|POS=PROPN",
      "Case=Acc|Gender=Masc|Number=Sing|POS=DET|Person=Third",
      "Animacy=Anim|Case=Ins|Gender=Masc|Number=Plur|POS=PROPN",
      "POS=VERB",
      "Animacy=Inan|Case=Gen|Gender=Neut|Number=Plur|POS=PROPN",
      "Case=Gen|Degree=Pos|Number=Plur|POS=DET",
      "Aspect=Imp|Case=Dat|Gender=Masc|Number=Sing|POS=VERB|Tense=Pres|VerbForm=Part|Voice=Pass",
      "Case=Dat|Number=Plur|POS=PRON|Person=Second",
      "Case=Nom|Gender=Neut|Number=Sing|POS=NUM",
      "Aspect=Imp|Case=Ins|Gender=Fem|Number=Sing|POS=VERB|Tense=Past|VerbForm=Part|Voice=Act",
      "Animacy=Inan|Aspect=Imp|Case=Acc|Gender=Masc|Number=Sing|POS=VERB|Tense=Pres|VerbForm=Part|Voice=Pass",
      "Animacy=Anim|Case=Dat|Number=Plur|POS=DET",
      "Aspect=Perf|Case=Dat|Gender=Fem|Number=Sing|POS=VERB|Tense=Past|VerbForm=Part|Voice=Pass",
      "Aspect=Imp|Gender=Masc|Mood=Ind|Number=Sing|POS=PRON|Tense=Past|VerbForm=Fin|Voice=Act",
      "Animacy=Inan|Case=Acc|Degree=Sup|Number=Plur|POS=ADJ",
      "Animacy=Anim|Case=Ins|Gender=Neut|Number=Sing|POS=NOUN",
      "Aspect=Imp|Case=Dat|Gender=Neut|Number=Sing|POS=VERB|Tense=Pres|VerbForm=Part|Voice=Act",
      "Case=Nom|Degree=Sup|Gender=Fem|Number=Sing|POS=ADJ",
      "Aspect=Imp|Case=Acc|Gender=Neut|Number=Sing|POS=VERB|Tense=Past|VerbForm=Part|Voice=Act",
      "Hyph=Yes|POS=PROPN",
      "Aspect=Imp|Case=Gen|Gender=Masc|Number=Sing|POS=VERB|Tense=Past|VerbForm=Part|Voice=Pass",
      "Case=Gen|Degree=Pos|Gender=Fem|Number=Sing|POS=DET",
      "Case=Gen|Number=Sing|POS=PRON|Person=Second",
      "Hyph=Yes|POS=NUM",
      "Case=Ins|Gender=Fem|Number=Sing|POS=PRON",
      "Animacy=Inan|Case=Loc|Gender=Neut|Number=Plur|POS=PROPN",
      "Aspect=Imp|Case=Ins|Gender=Masc|Number=Sing|POS=VERB|Tense=Past|VerbForm=Part|Voice=Act",
      "Animacy=Inan|Case=Nom|Gender=Neut|Number=Sing|POS=ADV",
      "Aspect=Imp|Case=Nom|Gender=Neut|Number=Sing|POS=VERB|Tense=Past|VerbForm=Part|Voice=Pass",
      "Case=Ins|Number=Plur|POS=PRON",
      "Case=Acc|Number=Plur|POS=PRON|Person=Third",
      "Aspect=Imp|Mood=Ind|Number=Plur|POS=PRON|Tense=Past|VerbForm=Fin|Voice=Act",
      "Aspect=Imp|Case=Ins|Number=Plur|POS=VERB|Tense=Past|VerbForm=Part|Voice=Act",
      "Case=Gen|Degree=Sup|Gender=Fem|Number=Sing|POS=ADJ",
      "Animacy=Inan|Case=Nom|Gender=Neut|Number=Plur|POS=PROPN",
      "Animacy=Anim|Case=Loc|Gender=Neut|Number=Sing|POS=NOUN",
      "Aspect=Imp|Mood=Imp|Number=Plur|POS=VERB|Person=Second|VerbForm=Fin|Voice=Mid",
      "Animacy=Inan|Case=Dat|Gender=Neut|Number=Sing|POS=ADV",
      "Aspect=Imp|Case=Acc|Gender=Fem|Number=Sing|POS=VERB|Tense=Past|VerbForm=Part|Voice=Act",
      "Case=Acc|Gender=Fem|POS=NUM",
      "Aspect=Imp|Case=Dat|Number=Plur|POS=VERB|Tense=Past|VerbForm=Part|Voice=Act",
      "Case=Ins|Degree=Pos|Number=Plur|POS=DET",
      "Animacy=Anim|Case=Dat|Gender=Masc|Number=Plur|POS=PROPN",
      "Hyph=Yes|POS=NOUN",
      "Case=Gen|Degree=Pos|Gender=Fem|Number=Sing|POS=NUM",
      "Case=Loc|Number=Sing|POS=PRON|Person=Second",
      "Animacy=Inan|Case=Acc|Degree=Pos|Gender=Masc|Number=Sing|POS=NUM",
      "Aspect=Imp|POS=VERB|Tense=Past|VerbForm=Conv|Voice=Act",
      "Aspect=Imp|Mood=Imp|Number=Plur|POS=AUX|Person=Second|VerbForm=Fin|Voice=Act",
      "Case=Loc|Gender=Neut|Number=Sing|POS=NUM",
      "Case=Acc|Number=Plur|POS=PRON|Person=First",
      "Aspect=Perf|Case=Dat|Gender=Neut|Number=Sing|POS=VERB|Tense=Past|VerbForm=Part|Voice=Act",
      "Case=Gen|Degree=Pos|Gender=Fem|Number=Sing|POS=PUNCT",
      "Animacy=Inan|Case=Ins|Gender=Neut|Number=Plur|POS=ADV",
      "Case=Gen|Degree=Pos|Gender=Masc|Number=Sing|POS=DET",
      "Aspect=Perf|Case=Loc|Number=Plur|POS=VERB|Tense=Past|VerbForm=Part|Voice=Act",
      "POS=AUX",
      "Animacy=Anim|Case=Gen|Number=Plur|POS=PRON",
      "Case=Gen|Gender=Neut|Number=Sing|POS=DET|Person=Third",
      "Aspect=Perf|Case=Dat|Gender=Fem|Number=Sing|POS=VERB|Tense=Past|VerbForm=Part|Voice=Act",
      "Animacy=Inan|Case=Nom|Gender=Masc|Number=Sing|POS=ADV",
      "Case=Loc|Gender=Masc|POS=NUM",
      "Case=Gen|Degree=Pos|Gender=Neut|Number=Sing|POS=NUM",
      "Case=Loc|Degree=Sup|Gender=Fem|Number=Sing|POS=ADJ",
      "Case=Ins|Gender=Neut|Number=Sing|POS=PRON|Person=Third",
      "Case=Dat|Gender=Neut|Number=Sing|POS=NUM",
      "Case=Gen|Degree=Pos|Gender=Neut|Number=Sing|POS=DET",
      "Case=Dat|Degree=Pos|Number=Plur|POS=DET",
      "Case=Ins|Gender=Neut|Number=Sing|POS=NUM",
      "Case=Loc|Degree=Pos|Gender=Neut|Number=Sing|POS=NUM",
      "Case=Loc|Degree=Pos|Gender=Neut|Number=Sing|POS=DET",
      "Animacy=Inan|Case=Acc|Degree=Pos|Gender=Neut|Number=Sing|POS=DET",
      "Animacy=Inan|Case=Ins|Gender=Neut|Number=Sing|POS=SCONJ",
      "Animacy=Anim|Case=Acc|Number=Plur|POS=DET",
      "Aspect=Imp|Mood=Ind|Number=Sing|POS=VERB|Person=Second|Tense=Pres|VerbForm=Fin|Voice=Mid",
      "Aspect=Imp|Mood=Imp|Number=Sing|POS=DET|Person=Second|VerbForm=Fin|Voice=Act",
      "Aspect=Imp|Gender=Fem|Mood=Ind|Number=Sing|POS=PRON|Tense=Past|VerbForm=Fin|Voice=Act",
      "Animacy=Inan|Case=Ins|Gender=Masc|Number=Sing|POS=ADV",
      "Aspect=Imp|Mood=Ind|Number=Plur|POS=AUX|Person=Second|Tense=Pres|VerbForm=Fin|Voice=Act",
      "Animacy=Inan|Case=Nom|Gender=Neut|Number=Sing|POS=DET",
      "Animacy=Inan|Case=Acc|Gender=Masc|Number=Sing|POS=ADV",
      "Case=Nom|Degree=Pos|Gender=Masc|Number=Sing|POS=NUM",
      "Aspect=Imp|Case=Loc|Gender=Fem|Number=Sing|POS=VERB|Tense=Pres|VerbForm=Part|Voice=Pass",
      "Animacy=Inan|Case=Acc|Number=Plur|POS=DET|Person=Third",
      "Animacy=Inan|Case=Gen|Gender=Neut|Number=Sing|POS=ADV",
      "Aspect=Imp|Case=Acc|Gender=Neut|Number=Sing|POS=VERB|Tense=Pres|VerbForm=Part|Voice=Pass",
      "POS=PRON",
      "Animacy=Anim|Aspect=Imp|Case=Acc|Gender=Masc|Number=Sing|POS=VERB|Tense=Pres|VerbForm=Part|Voice=Pass",
      "Animacy=Anim|Case=Nom|Number=Plur|POS=DET",
      "Aspect=Imp|Case=Gen|Gender=Neut|Number=Sing|POS=VERB|Tense=Past|VerbForm=Part|Voice=Act",
      "Aspect=Imp|Case=Nom|Gender=Neut|Number=Sing|POS=VERB|Tense=Pres|VerbForm=Part|Voice=Pass",
      "Aspect=Imp|Case=Loc|Number=Plur|POS=VERB|Tense=Past|VerbForm=Part|Voice=Act",
      "Aspect=Imp|Case=Gen|Gender=Neut|Number=Sing|POS=VERB|Tense=Pres|VerbForm=Part|Voice=Pass",
      "Case=Nom|Degree=Pos|Gender=Neut|Number=Sing|POS=DET",
      "Animacy=Inan|Case=Gen|Gender=Neut|Number=Sing|POS=DET",
      "Case=Dat|POS=DET",
      "Case=Nom|Degree=Sup|Gender=Neut|Number=Sing|POS=ADJ",
      "Mood=Ind|Number=Plur|POS=AUX|Tense=Past|VerbForm=Fin|Voice=Act",
      "Case=Gen|Gender=Masc|POS=ADJ",
      "Aspect=Imp|Mood=Imp|Number=Sing|POS=AUX|Person=Second|VerbForm=Fin|Voice=Act",
      "Aspect=Imp|Case=Gen|Number=Plur|POS=VERB|Tense=Past|VerbForm=Part|Voice=Pass",
      "Aspect=Imp|Case=Dat|Gender=Fem|Number=Sing|POS=VERB|Tense=Pres|VerbForm=Part|Voice=Pass",
      "Aspect=Perf|Mood=Ind|Number=Sing|POS=VERB|Person=Second|Tense=Fut|VerbForm=Fin|Voice=Mid",
      "Animacy=Anim|Case=Dat|Gender=Neut|Number=Sing|POS=NOUN",
      "Case=Loc|Degree=Pos|Number=Plur|POS=DET",
      "Animacy=Anim|Case=Ins|Number=Plur|POS=DET",
      "Animacy=Anim|Case=Acc|Gender=Masc|Number=Plur|POS=PROPN",
      "Animacy=Inan|Case=Loc|Gender=Neut|Number=Sing|POS=DET",
      "Case=Acc|Gender=Fem|Number=Sing|POS=DET|Person=Third",
      "Case=Ins|Degree=Sup|Gender=Masc|Number=Sing|POS=ADJ",
      "Animacy=Anim|Case=Gen|Gender=Masc|Number=Sing|POS=PUNCT",
      "Degree=Cmp|POS=ADP",
      "Animacy=Anim|Case=Voc|Gender=Masc|Number=Sing|POS=PROPN",
      "Aspect=Imp|Case=Loc|Gender=Neut|Number=Sing|POS=VERB|Tense=Pres|VerbForm=Part|Voice=Pass",
      "Animacy=Inan|Case=Acc|Number=Plur|POS=ADV",
      "Case=Ins|Degree=Pos|Gender=Fem|Number=Sing|POS=ADP",
      "Animacy=Inan|Case=Acc|POS=ADV",
      "Case=Acc|POS=ADV",
      "Animacy=Anim|Case=Ins|Number=Plur|POS=PRON",
      "Aspect=Imp|POS=ADV|Tense=Pres|VerbForm=Conv|Voice=Act",
      "Aspect=Perf|Mood=Imp|Number=Plur|POS=VERB|Person=Second|VerbForm=Fin|Voice=Mid",
      "Aspect=Imp|Mood=Ind|Number=Sing|POS=AUX|Person=Second|Tense=Pres|VerbForm=Fin|Voice=Act",
      "Animacy=Anim|Aspect=Imp|Case=Acc|Number=Plur|POS=VERB|Tense=Pres|VerbForm=Part|Voice=Pass",
      "Case=Gen|Number=Plur|POS=NUM",
      "Aspect=Imp|Case=Loc|Number=Plur|POS=VERB|Tense=Past|VerbForm=Part|Voice=Pass",
      "Animacy=Inan|Case=Acc|Gender=Neut|Number=Sing|POS=ADV",
      "Aspect=Imp|Case=Loc|Gender=Fem|Number=Sing|POS=VERB|Tense=Past|VerbForm=Part|Voice=Act",
      "Animacy=Inan|Case=Acc|Gender=Neut|Number=Sing|POS=SCONJ",
      "Aspect=Imp|Case=Dat|Gender=Neut|Number=Sing|POS=VERB|Tense=Pres|VerbForm=Part|Voice=Pass",
      "Animacy=Anim|Case=Acc|Degree=Sup|Number=Plur|POS=ADJ",
      "Case=Ins|POS=VERB|Polarity=Neg",
      "Case=Ins|Degree=Pos|Number=Plur|POS=NUM",
      "Animacy=Anim|Case=Acc|Degree=Pos|Gender=Masc|Number=Sing|POS=DET",
      "Animacy=Inan|Case=Acc|Gender=Fem|Number=Sing|POS=ADV",
      "Aspect=Imp|Mood=Ind|Number=Sing|POS=PUNCT|Person=Third|Tense=Pres|VerbForm=Fin|Voice=Act",
      "Case=Acc|POS=VERB|Polarity=Neg",
      "Aspect=Imp|Case=Nom|Gender=Masc|Number=Sing|POS=AUX|Tense=Past|VerbForm=Part|Voice=Act",
      "Case=Ins|Degree=Pos|Gender=Neut|Number=Sing|POS=DET",
      "Animacy=Inan|Case=Dat|Gender=Fem|Number=Sing|POS=PUNCT",
      "Animacy=Inan|Case=Acc|Degree=Pos|Gender=Masc|Number=Sing|POS=DET",
      "Foreign=Yes|POS=NUM",
      "Gender=Neut|Mood=Ind|Number=Sing|POS=AUX|Tense=Past|VerbForm=Fin|Voice=Act",
      "Aspect=Imp|Case=Dat|Gender=Fem|Number=Sing|POS=VERB|Tense=Past|VerbForm=Part|Voice=Act",
      "Animacy=Anim|Case=Acc|Gender=Masc|Number=Sing|POS=PUNCT",
      "Animacy=Anim|Case=Acc|Gender=Fem|POS=NUM",
      "Case=Loc|Degree=Sup|Gender=Neut|Number=Sing|POS=ADJ",
      "Animacy=Anim|Case=Ins|Gender=Masc|Number=Sing|POS=PRON",
      "Animacy=Inan|Case=Acc|Gender=Masc|Number=Sing|POS=ADP",
      "Case=Loc|POS=DET",
      "Case=Ins|Degree=Pos|Gender=Masc|Number=Sing|POS=DET",
      "Case=Ins|Degree=Pos|Gender=Neut|Number=Sing|POS=NUM",
      "Animacy=Inan|Case=Nom|Gender=Masc|Number=Sing|POS=PUNCT",
      "Aspect=Imp|POS=ADP|VerbForm=Inf|Voice=Act",
      "Case=Acc|Degree=Pos|Gender=Fem|Number=Sing|POS=NUM",
      "Case=Dat|POS=VERB|Polarity=Neg",
      "Animacy=Anim|Case=Acc|Degree=Pos|Gender=Masc|Number=Sing|POS=NUM",
      "Aspect=Imp|Case=Ins|Gender=Neut|Number=Sing|POS=VERB|Tense=Pres|VerbForm=Part|Voice=Pass",
      "Case=Ins|Gender=Masc|POS=NUM",
      "Case=Ins|Gender=Fem|POS=NUM",
      "Case=Dat|Gender=Fem|POS=NUM",
      "Aspect=Imp|Case=Nom|Gender=Fem|Number=Sing|POS=VERB|Tense=Past|VerbForm=Part|Voice=Pass",
      "Aspect=Imp|Case=Loc|Gender=Fem|Number=Sing|POS=VERB|Tense=Past|VerbForm=Part|Voice=Pass",
      "Case=Loc|Degree=Pos|Gender=Fem|Number=Sing|POS=DET",
      "Aspect=Perf|Mood=Imp|Number=Sing|POS=VERB|Person=Second|VerbForm=Fin|Voice=Mid",
      "Case=Nom|Degree=Pos|Gender=Neut|Number=Sing|POS=NUM",
      "Case=Gen|Degree=Pos|Gender=Masc|Number=Sing|POS=NUM",
      "Animacy=Anim|Case=Loc|Number=Plur|POS=PRON",
      "Case=Loc|Degree=Pos|Gender=Fem|Number=Sing|POS=NUM",
      "Case=Gen|Degree=Sup|Gender=Neut|Number=Sing|POS=ADJ",
      "Animacy=Inan|Case=Dat|Gender=Fem|Number=Sing|POS=ADV",
      "Animacy=Inan|Case=Nom|Degree=Pos|Gender=Fem|Number=Sing|POS=ADJ",
      "Animacy=Anim|Case=Ins|Gender=Masc|Number=Sing|POS=ADV",
      "Aspect=Imp|Case=Nom|Number=Plur|POS=VERB|Tense=Past|VerbForm=Part|Voice=Pass",
      "Aspect=Imp|Mood=Imp|Number=Sing|POS=PRON|Person=Second|VerbForm=Fin|Voice=Act",
      "Animacy=Inan|Case=Nom|Gender=Fem|Number=Sing|POS=ADV",
      "Aspect=Imp|Case=Acc|Gender=Fem|Number=Sing|POS=VERB|Tense=Past|VerbForm=Part|Voice=Pass",
      "Animacy=Inan|Case=Ins|Gender=Neut|Number=Sing|POS=DET",
      "Foreign=Yes|POS=ADP",
      "Case=Loc|Number=Plur|POS=PRON|Person=First",
      "Aspect=Imp|Case=Loc|Gender=Neut|Number=Sing|POS=VERB|Tense=Past|VerbForm=Part|Voice=Act",
      "Aspect=Imp|Mood=Ind|Number=Plur|POS=PRON|Person=First|Tense=Pres|VerbForm=Fin|Voice=Act",
      "Animacy=Inan|Case=Acc|Degree=Pos|Gender=Neut|Number=Sing|POS=NUM",
      "Animacy=Inan|Case=Ins|Gender=Neut|Number=Sing|POS=ADV",
      "Case=Nom|Number=Plur|POS=NUM",
      "Case=Loc|Gender=Neut|POS=NUM",
      "Animacy=Inan|Case=Acc|Degree=Sup|Gender=Neut|Number=Sing|POS=ADJ",
      "Case=Dat|Degree=Pos|Gender=Masc|Number=Sing|POS=DET",
      "POS=ADV|Voice=Act",
      "Aspect=Imp|Case=Gen|Gender=Fem|Number=Sing|POS=VERB|Tense=Past|VerbForm=Part|Voice=Pass",
      "Animacy=Anim|Case=Dat|Gender=Fem|Number=Sing|POS=ADV",
      "Aspect=Imp|Gender=Fem|Number=Sing|POS=VERB|StyleVariant=Short|Tense=Past|VerbForm=Part|Voice=Pass",
      "Case=Acc|Number=Plur|POS=DET|Person=Third",
      "Animacy=Anim|Case=Nom|Gender=Fem|Number=Sing|POS=PUNCT",
      "Case=Gen|Degree=Pos|Gender=Fem|Number=Sing|POS=ADJ|StyleVariant=Short",
      "Animacy=Inan|Case=Acc|Gender=Fem|Number=Sing|POS=PUNCT",
      "Case=Acc|Gender=Neut|Number=Sing|POS=DET|Person=Third",
      "Animacy=Inan|Case=Dat|Gender=Neut|Number=Sing|POS=ADP",
      "Case=Nom|Gender=Fem|Number=Sing|POS=DET|Person=Third",
      "Animacy=Inan|Case=Gen|Gender=Masc|Number=Plur|POS=ADV",
      "Animacy=Inan|Case=Gen|Gender=Fem|Number=Plur|POS=ADV",
      "Animacy=Anim|Case=Ins|Gender=Masc|Number=Sing|POS=PUNCT",
      "Animacy=Anim|Case=Gen|Gender=Fem|Number=Plur|POS=PROPN",
      "Animacy=Anim|Case=Nom|Gender=Masc|Number=Sing|POS=PUNCT",
      "Animacy=Anim|Case=Loc|Gender=Neut|Number=Sing|POS=PUNCT",
      "Foreign=Yes|POS=PRON",
      "Animacy=Inan|Case=Dat|Gender=Neut|Number=Sing|POS=DET",
      "Aspect=Perf|Gender=Neut|Number=Sing|POS=ADV|StyleVariant=Short|Tense=Past|VerbForm=Part|Voice=Pass",
      "Case=Ins|Degree=Pos|Gender=Fem|Number=Sing|POS=NUM",
      "Mood=Cnd|POS=ADV",
      "POS=X",
      "Animacy=Inan|Case=Acc|Gender=Masc|Number=Plur|POS=ADV",
      "Animacy=Anim|Case=Nom|Gender=Fem|Number=Plur|POS=PROPN",
      "Aspect=Imp|Case=Nom|Number=Plur|POS=AUX|Tense=Past|VerbForm=Part|Voice=Act",
      "Aspect=Imp|Case=Ins|Gender=Neut|Number=Sing|POS=VERB|Tense=Past|VerbForm=Part|Voice=Pass",
      "Case=Nom|POS=ADV",
      "Aspect=Perf|Gender=Neut|Mood=Ind|Number=Sing|POS=ADV|Tense=Past|VerbForm=Fin|Voice=Act",
      "Aspect=Imp|POS=VERB|Tense=Pres|VerbForm=Conv|Voice=Pass",
      "Animacy=Anim|Case=Nom|Gender=Masc|Number=Sing|POS=NUM",
      "Case=Gen|Degree=Pos|Number=Plur|POS=NUM",
      "Animacy=Anim|Case=Acc|Degree=Pos|Number=Plur|POS=DET",
      "Case=Ins|Degree=Pos|Gender=Masc|Number=Sing|POS=NUM",
      "Animacy=Inan|Case=Nom|Gender=Fem|Number=Sing|POS=PUNCT",
      "Animacy=Inan|Case=Nom|Gender=Neut|Number=Sing|POS=ADP",
      "Animacy=Anim|Case=Gen|Gender=Neut|Number=Sing|POS=ADV",
      "Case=Dat|Degree=Sup|Gender=Neut|Number=Sing|POS=ADJ",
      "Case=Ins|Degree=Pos|Gender=Masc|Number=Sing|POS=ADP",
      "Animacy=Inan|Case=Loc|Gender=Masc|Number=Sing|POS=ADV",
      "Animacy=Anim|Case=Acc|Gender=Fem|Number=Sing|POS=ADV",
      "Animacy=Inan|Case=Gen|Gender=Neut|Number=Sing|POS=ADP",
      "Animacy=Anim|Case=Nom|Gender=Fem|Number=Sing|POS=ADV",
      "Aspect=Imp|Mood=Ind|Number=Sing|POS=ADV|Person=Third|Tense=Pres|VerbForm=Fin|Voice=Act",
      "Case=Loc|Number=Plur|POS=PRON|Person=Second",
      "Aspect=Imp|Mood=Ind|Number=Sing|POS=CCONJ|Person=First|Tense=Pres|VerbForm=Fin|Voice=Act",
      "Case=Gen|Number=Plur|POS=ADP|Person=Third",
      "Case=Dat|Gender=Masc|POS=DET",
      "Animacy=Anim|Case=Nom|Gender=Fem|Number=Sing|POS=CCONJ",
      "Case=Dat|Degree=Pos|Gender=Fem|Number=Sing|POS=DET",
      "Animacy=Anim|Case=Ins|Gender=Fem|Number=Sing|POS=PUNCT",
      "Aspect=Imp|Mood=Imp|Number=Plur|POS=PRON|Person=Second|VerbForm=Fin|Voice=Act",
      "Case=Loc|Degree=Pos|Gender=Masc|Number=Sing|POS=NUM",
      "Animacy=Anim|Case=Acc|Gender=Masc|POS=DET",
      "Case=Gen|POS=DET",
      "Case=Ins|POS=ADV|Polarity=Neg",
      "Animacy=Inan|Case=Acc|Gender=Masc|Number=Sing|POS=PUNCT",
      "Aspect=Imp|Mood=Ind|Number=Sing|POS=ADV|Person=Third|Tense=Pres|VerbForm=Fin|Voice=Mid",
      "Aspect=Imp|Gender=Neut|Number=Sing|POS=VERB|StyleVariant=Short|Tense=Past|VerbForm=Part|Voice=Pass",
      "Degree=Pos|POS=PUNCT",
      "Case=Ins|Degree=Pos|Number=Plur|POS=ADP",
      "Animacy=Inan|Case=Acc|Degree=Pos|Gender=Neut|Number=Sing|POS=ADP",
      "Case=Dat|POS=ADP",
      "Animacy=Inan|Case=Loc|Gender=Fem|Number=Sing|POS=PUNCT",
      "Foreign=Yes|POS=DET",
      "Aspect=Imp|Gender=Fem|Number=Sing|POS=VERB|StyleVariant=Short|Tense=Pres|VerbForm=Part|Voice=Pass",
      "Aspect=Imp|Gender=Neut|Mood=Ind|Number=Sing|POS=ADV|Tense=Past|VerbForm=Fin|Voice=Mid",
      "Animacy=Inan|Case=Nom|Gender=Masc|Number=Sing|POS=ADP",
      "Aspect=Perf|Gender=Neut|Mood=Ind|Number=Sing|POS=ADV|Tense=Past|VerbForm=Fin|Voice=Mid",
      "Animacy=Anim|Case=Dat|Gender=Masc|Number=Plur|POS=ADV",
      "Aspect=Imp|Number=Plur|POS=VERB|StyleVariant=Short|Tense=Pres|VerbForm=Part|Voice=Pass",
      "Aspect=Imp|Mood=Ind|Number=Sing|POS=SCONJ|Person=Third|Tense=Pres|VerbForm=Fin|Voice=Act",
      "Gender=Masc|Mood=Ind|Number=Sing|POS=AUX|Tense=Past|VerbForm=Fin|Voice=Act",
      "Aspect=Imp|Mood=Imp|Number=Sing|POS=ADV|Person=Second|VerbForm=Fin|Voice=Act",
      "Aspect=Imp|Case=Ins|Gender=Neut|Number=Sing|POS=VERB|Tense=Past|VerbForm=Part|Voice=Act",
      "Animacy=Anim|Case=Acc|Gender=Masc|Number=Sing|POS=ADV",
      "Animacy=Inan|Case=Nom|Gender=Neut|Number=Plur|POS=PRON",
      "Animacy=Anim|Case=Nom|Number=Plur|POS=ADV",
      "Case=Dat|Number=Plur|POS=SCONJ",
      "Case=Ins|POS=DET",
      "Animacy=Inan|Case=Ins|Gender=Neut|Number=Sing|POS=PUNCT",
      "Aspect=Perf|POS=ADV|Tense=Past|VerbForm=Conv|Voice=Act",
      "Animacy=Inan|Case=Acc|Gender=Fem|Number=Plur|POS=ADV",
      "Animacy=Anim|Case=Dat|Gender=Fem|Number=Sing|POS=ADP",
      "Animacy=Inan|Case=Gen|Gender=Fem|Number=Sing|POS=CCONJ",
      "Animacy=Anim|Case=Nom|Gender=Masc|Number=Sing|POS=ADP",
      "Animacy=Inan|Case=Gen|Gender=Neut|Number=Plur|POS=PUNCT",
      "Case=Loc|Degree=Pos|Number=Plur|POS=NUM",
      "Animacy=Inan|Case=Gen|Gender=Neut|Number=Sing|POS=SCONJ",
      "Animacy=Inan|Case=Par|Gender=Masc|Number=Sing|POS=ADV",
      "Case=Dat|Gender=Fem|POS=DET",
      "Case=Nom|Number=Plur|POS=DET|Polarity=Neg",
      "Animacy=Inan|Case=Nom|Gender=Masc|Number=Plur|POS=SCONJ",
      "Foreign=Yes|POS=ADV",
      "Degree=Pos|POS=NUM",
      "Case=Dat|Degree=Pos|Gender=Neut|Number=Sing|POS=DET",
      "Animacy=Anim|Case=Gen|Gender=Fem|Number=Sing|POS=PUNCT",
      "Animacy=Inan|Case=Gen|Gender=Fem|Number=Sing|POS=ADV",
      "Animacy=Inan|Case=Acc|Gender=Neut|Number=Sing|POS=PUNCT",
      "Aspect=Perf|Mood=Ind|Number=Sing|POS=ADV|Person=Third|Tense=Fut|VerbForm=Fin|Voice=Act",
      "Animacy=Anim|Case=Gen|Gender=Masc|Number=Plur|POS=ADV",
      "Animacy=Inan|Case=Gen|Gender=Neut|Number=Plur|POS=DET",
      "Animacy=Inan|Case=Ins|Gender=Masc|Number=Sing|POS=PUNCT",
      "Animacy=Inan|Case=Gen|Gender=Masc|Number=Plur|POS=PUNCT",
      "Animacy=Anim|Case=Dat|Gender=Masc|Number=Sing|POS=SCONJ",
      "Animacy=Inan|Case=Acc|POS=DET",
      "POS=VERB|Polarity=Neg",
      "Animacy=Inan|Case=Nom|Gender=Neut|Number=Sing|POS=PUNCT",
      "Animacy=Inan|Case=Gen|Gender=Fem|Number=Sing|POS=DET",
      "Aspect=Imp|Case=Acc|Gender=Neut|Number=Sing|POS=VERB|Tense=Past|VerbForm=Part|Voice=Pass",
      "Case=Dat|Degree=Pos|Number=Plur|POS=NUM",
      "Animacy=Inan|Case=Dat|Gender=Masc|Number=Sing|POS=PUNCT",
      "Animacy=Inan|Case=Gen|Gender=Masc|Number=Sing|POS=CCONJ",
      "Aspect=Perf|Gender=Masc|Mood=Ind|Number=Sing|POS=ADV|Tense=Past|VerbForm=Fin|Voice=Act",
      "Aspect=Perf|Mood=Ind|Number=Plur|POS=ADV|Tense=Past|VerbForm=Fin|Voice=Act",
      "Animacy=Inan|Case=Gen|Gender=Masc|Number=Sing|POS=ADP",
      "Hyph=Yes|POS=ADV",
      "Degree=Pos|POS=ADV|Polarity=Neg",
      "Animacy=Inan|Case=Nom|Gender=Neut|Number=Plur|POS=DET",
      "Mood=Cnd|POS=PART",
      "Animacy=Inan|Case=Gen|Gender=Fem|Number=Plur|POS=DET",
      "Aspect=Perf|Mood=Imp|Number=Plur|POS=ADV|Person=Second|VerbForm=Fin|Voice=Act",
      "Animacy=Inan|Case=Nom|Gender=Masc|Number=Sing|POS=DET",
      "Animacy=Inan|Case=Acc|Number=Plur|POS=ADP",
      "Animacy=Anim|Case=Acc|Gender=Neut|Number=Sing|POS=ADV",
      "Case=Nom|Gender=Fem|Number=Sing|POS=PUNCT|Person=Third",
      "Aspect=Perf|Gender=Masc|Number=Sing|POS=ADV|StyleVariant=Short|Tense=Past|VerbForm=Part|Voice=Pass",
      "Case=Gen|POS=ADV|Polarity=Neg",
      "Animacy=Inan|Case=Gen|Gender=Masc|Number=Sing|POS=SCONJ",
      "Case=Loc|Gender=Neut|Number=Sing|POS=ADP",
      "Animacy=Inan|Case=Dat|Gender=Neut|Number=Plur|POS=DET",
      "Animacy=Anim|Case=Gen|Gender=Masc|Number=Sing|POS=DET",
      "Case=Dat|Gender=Masc|Number=Sing|POS=DET|Person=Third",
      "Animacy=Inan|Case=Loc|Gender=Neut|Number=Sing|POS=ADP",
      "Aspect=Perf|POS=ADV|VerbForm=Inf|Voice=Act",
      "Case=Nom|POS=SCONJ",
      "Aspect=Imp|Gender=Neut|Number=Sing|POS=VERB|StyleVariant=Short|Tense=Pres|VerbForm=Part|Voice=Pass",
      "Animacy=Inan|Case=Acc|Number=Plur|POS=ADP|Person=Third",
      "Animacy=Inan|Case=Loc|Gender=Masc|Number=Sing|POS=DET",
      "Animacy=Inan|Case=Acc|Gender=Neut|Number=Plur|POS=DET",
      "Aspect=Imp|Case=Acc|Gender=Fem|Number=Sing|POS=ADV|Tense=Pres|VerbForm=Part|Voice=Act",
      "Case=Nom|Degree=Pos|Number=Plur|POS=NUM"
    ],
    "attribute_ruler":[

    ],
    "lemmatizer":[

    ],
    "sentencizer":[

    ]
  },
  "pipeline":[
    "tok2vec",
    "morphologizer",
    "attribute_ruler",
    "lemmatizer",
    "sentencizer"
  ],
  "components":[
    "tok2vec",
    "morphologizer",
    "attribute_ruler",
    "lemmatizer",
    "sentencizer"
  ],
  "disabled":[

  ],
  "performance":{
    "token_acc":0.9984532137,
    "token_p":0.9728314309,
    "token_r":0.9833731269,
    "token_f":0.9780738751,
    "pos_acc":0.9880287917,
    "morph_acc":0.9712138547,
    "morph_micro_p":0.9875577151,
    "morph_micro_r":0.9804878644,
    "morph_micro_f":0.9840100912,
    "morph_per_feat":{
      "Animacy":{
        "p":0.9874082771,
        "r":0.9778791931,
        "f":0.9826206333
      },
      "Case":{
        "p":0.9757818116,
        "r":0.9690979272,
        "f":0.9724283843
      },
      "Gender":{
        "p":0.9872233579,
        "r":0.9806210961,
        "f":0.9839111515
      },
      "Number":{
        "p":0.9950336461,
        "r":0.9886804535,
        "f":0.9918468762
      },
      "Degree":{
        "p":0.9829016075,
        "r":0.9856262834,
        "f":0.9842620598
      },
      "Aspect":{
        "p":0.9817934783,
        "r":0.9742921348,
        "f":0.9780284232
      },
      "Mood":{
        "p":0.9988821264,
        "r":0.9970245475,
        "f":0.9979524725
      },
      "Tense":{
        "p":0.9902620947,
        "r":0.9818200493,
        "f":0.9860230027
      },
      "VerbForm":{
        "p":0.9948369565,
        "r":0.9872359551,
        "f":0.9910218813
      },
      "Voice":{
        "p":0.9895833333,
        "r":0.9820224719,
        "f":0.9857884051
      },
      "StyleVariant":{
        "p":0.9901283317,
        "r":0.9891518738,
        "f":0.9896398619
      },
      "Polarity":{
        "p":1.0,
        "r":1.0,
        "f":1.0
      },
      "Person":{
        "p":0.9997728305,
        "r":0.9927814121,
        "f":0.9962648557
      },
      "Foreign":{
        "p":0.962391514,
        "r":0.8633217993,
        "f":0.9101687187
      },
      "Hyph":{
        "p":0.0,
        "r":0.0,
        "f":0.0
      }
    },
    "sents_p":0.9988584475,
    "sents_r":0.9988584475,
    "sents_f":0.9988584475,
    "dep_uas":0.9606729456,
    "dep_las":0.9485440192,
    "dep_las_per_type":{
      "case":{
        "p":0.993491794,
        "r":0.9896645683,
        "f":0.9915744881
      },
      "parataxis":{
        "p":0.8725231176,
        "r":0.8544631307,
        "f":0.8633986928
      },
      "nmod":{
        "p":0.9255190392,
        "r":0.9232841089,
        "f":0.9244002232
      },
      "advmod":{
        "p":0.9607642443,
        "r":0.9516728625,
        "f":0.956196944
      },
      "obl":{
        "p":0.9379791895,
        "r":0.9271890648,
        "f":0.9325529164
      },
      "amod":{
        "p":0.988641204,
        "r":0.9845871041,
        "f":0.9866099894
      },
      "nsubj":{
        "p":0.9706866337,
        "r":0.9621032686,
        "f":0.9663758921
      },
      "root":{
        "p":0.9891428571,
        "r":0.9880136986,
        "f":0.9885779555
      },
      "xcomp":{
        "p":0.9432412248,
        "r":0.9597264438,
        "f":0.9514124294
      },
      "conj":{
        "p":0.8889262874,
        "r":0.9063143445,
        "f":0.8975361088
      },
      "cc":{
        "p":0.9733146067,
        "r":0.972404116,
        "f":0.9728591483
      },
      "fixed":{
        "p":0.9910600255,
        "r":0.9872773537,
        "f":0.9891650733
      },
      "mark":{
        "p":0.9650032404,
        "r":0.9719321149,
        "f":0.9684552846
      },
      "ccomp":{
        "p":0.975,
        "r":0.9790794979,
        "f":0.9770354906
      },
      "nummod:gov":{
        "p":0.9703389831,
        "r":0.9541666667,
        "f":0.9621848739
      },
      "nummod":{
        "p":0.9679376083,
        "r":0.9482173175,
        "f":0.9579759863
      },
      "obj":{
        "p":0.971042471,
        "r":0.9620218579,
        "f":0.9665111172
      },
      "det":{
        "p":0.9739507959,
        "r":0.9725433526,
        "f":0.9732465654
      },
      "appos":{
        "p":0.8819379116,
        "r":0.8054123711,
        "f":0.8419398294
      },
      "aux":{
        "p":0.9528301887,
        "r":0.9619047619,
        "f":0.9573459716
      },
      "flat":{
        "p":0.9952941176,
        "r":0.9635535308,
        "f":0.9791666667
      },
      "flat:name":{
        "p":0.9728601253,
        "r":0.9628099174,
        "f":0.9678089304
      },
      "iobj":{
        "p":0.9049586777,
        "r":0.8253768844,
        "f":0.8633377135
      },
      "acl":{
        "p":0.9120734908,
        "r":0.8676654182,
        "f":0.8893154191
      },
      "obl:agent":{
        "p":0.7532467532,
        "r":0.7631578947,
        "f":0.7581699346
      },
      "advcl":{
        "p":0.8819444444,
        "r":0.8698630137,
        "f":0.875862069
      },
      "cop":{
        "p":0.8951048951,
        "r":0.8888888889,
        "f":0.8919860627
      },
      "flat:foreign":{
        "p":0.968,
        "r":0.825,
        "f":0.890797546
      },
      "discourse":{
        "p":0.8219178082,
        "r":0.9230769231,
        "f":0.8695652174
      },
      "aux:pass":{
        "p":0.9827089337,
        "r":0.9770773639,
        "f":0.9798850575
      },
      "nsubj:pass":{
        "p":0.9557522124,
        "r":0.9459854015,
        "f":0.9508437271
      },
      "acl:relcl":{
        "p":0.8091286307,
        "r":0.8008213552,
        "f":0.8049535604
      },
      "orphan":{
        "p":0.7941176471,
        "r":0.75,
        "f":0.7714285714
      },
      "csubj":{
        "p":0.9352517986,
        "r":0.9154929577,
        "f":0.9252669039
      },
      "expl":{
        "p":0.8235294118,
        "r":0.7368421053,
        "f":0.7777777778
      },
      "compound":{
        "p":0.75,
        "r":0.3,
        "f":0.4285714286
      },
      "csubj:pass":{
        "p":0.9,
        "r":0.8181818182,
        "f":0.8571428571
      },
      "nummod:entity":{
        "p":1.0,
        "r":0.75,
        "f":0.8571428571
      },
      "list":{
        "p":0.0,
        "r":0.0,
        "f":0.0
      }
    },
    "tag_acc":0.9880287917,
    "lemma_acc":0.0000215267,
    "ents_p":0.9504270641,
    "ents_r":0.9552263929,
    "ents_f":0.952820685,
    "ents_per_type":{
      "PER":{
        "p":0.9652271453,
        "r":0.9663110612,
        "f":0.9657687991
      },
      "LOC":{
        "p":0.9781990521,
        "r":0.9749645725,
        "f":0.9765791341
      },
      "ORG":{
        "p":0.9095283927,
        "r":0.9251101322,
        "f":0.9172530939
      }
    },
    "speed":3812.082171112
  },
  "sources":[
    {
      "name":"Lemmatization Lists",
      "url":"https://github.com/michmech/lemmatization-lists/",
      "license":"ODbL",
      "author":"Michal M\u011bchura"
    },
    {
      "name":"Nerus",
      "url":"https://github.com/natasha/nerus",
      "license":"MIT",
      "author":"Alexander Kukushkin"
    }
  ],
  "requirements":[
    "pymorphy2>=0.9"
  ]
}